<?xml version="1.0" encoding="UTF-8"?>
<project-private xmlns="http://www.netbeans.org/ns/project-private/1">
    <editor-bookmarks xmlns="http://www.netbeans.org/ns/editor-bookmarks/2" lastBookmarkId="0"/>
    <open-files xmlns="http://www.netbeans.org/ns/projectui-open-files/2">
        <group>
            <file>file:/C:/Users/User/Downloads/GUI%208.17/GUI/src/java/da/OrderDao.java</file>
            <file>file:/C:/Users/User/Downloads/GUI%208.17/GUI/web/Components/login_navbar.jsp</file>
            <file>file:/C:/Users/User/Downloads/GUI%208.17/GUI/web/order.jsp</file>
            <file>file:/C:/Users/User/Downloads/GUI%208.17/GUI/src/java/domain/Order.java</file>
            <file>file:/C:/Users/User/Downloads/GUI%208.17/GUI/web/products.jsp</file>
            <file>file:/C:/Users/User/Downloads/GUI%208.17/GUI/web/Images/promo.png</file>
            <file>file:/C:/Users/User/Downloads/GUI%208.17/GUI/web/Components/navbar.jsp</file>
            <file>file:/C:/Users/User/Downloads/GUI%208.17/GUI/web/profile.jsp</file>
            <file>file:/C:/Users/User/Downloads/GUI%208.17/GUI/web/checkout.jsp</file>
            <file>file:/C:/Users/User/Downloads/GUI%208.17/GUI/web/index.jsp</file>
            <file>file:/C:/Users/User/Downloads/GUI%208.17/GUI/web/Images/scroll_img1.png</file>
        </group>
    </open-files>
</project-private>
